author,text,likes,clean_text
@programmingwithmosh,"- Subscribe for more C++ tutorials: https://goo.gl/6PYaGF
- Want to learn more? Try my Complete C++ Programming course: https://mosh.link/cpp-course
- Get my free C++ cheat sheet and summary notes: https://mosh.link/cpp-cheatsheet",684,subscribe c tutorials want learn try complete c programming course get free c cheat sheet summary notes
@maryeng5458,Learned more and UNDERSTOOD you more in 30mins than my teacher trying to teach this in 4 2hr classes.. thank you!!,0,learned understood mins teacher trying teach hr classes thank
@Patience.sambo_06,"It‚Äôs 05:04am and I have been skipping this video since 01:29 becsuse it‚Äôs long , I‚Äôm writing 8:30am and i know nothing I hope it helps üò¢",0,skipping video since becsuse long im writing know nothing hope helps cryingface
@Gamma...,rond 49:12 en 52:12,0,rond en
@IrfanKamal-d7d,September 2025?,0,september
@biligochir3494,I didn't understood the lesson of high school so I am watching this tutorial. Wish me luck.,0,didnt understood lesson high school watching tutorial wish luck
@advanced2780,"swithced schools actually

last school they use Python, on the new school they use C++ but since im actually leveling up the degree it starts from start again. I figured i should get a bit of outside lessons XD Well here we go! On my way to finish another school and become an engineer in 5 years",0,swithced schools actually last school use python new school use c since im actually leveling degree starts start figured get bit outside lessons xd well go way finish another school become engineer years
@FutureCodingStars,This is a fantastic introduction to C++ for beginners. Building a strong foundation with core concepts like variables and data types is so rewarding for new learners.,1,fantastic introduction c beginners building strong foundation core concepts like variables data types rewarding new learners
@chrispowell2947,"Hi Mosh! I learned C# from you many years ago, on Udemy. Just today, I just submitted my compsci dissertation, on a desktop application written in C#! I was sitting here wondering what to do with myself now and I thought, hm, I'm bored, guess I'll learn C++. I type ""Learn C++"" into youtube and this video pops up. Guess you're destined to teach me every programming language from here on in lol. Can't wait!",0,hi mosh learned c many years ago udemy today submitted compsci dissertation desktop application written c sitting wondering thought hm im bored guess ill learn c type learn c youtube video pops guess youre destined teach every programming language lol cant wait
@suspicious_melon1411,thanks!,0,thanks
@saranghe3426,"First time watching I have zero idea with c++ the first exercise about switching. MY ANSWER WAS SO FUNNY HAHAHA COUT << INT B = INT A, INT A = INT B; HAHHAHAHA 25:56",0,first time watching zero idea c first exercise switching answer funny hahaha cout int b int int int b hahhahaha
@2wishuponstar,what is the difference between int and double you never explained!,0,difference int double never explained
@2wishuponstar,the mathematical expressions literally made no fucking sense.,0,mathematical expressions literally made fucking sense
@2wishuponstar,i‚Äôm actually gonna cry i‚Äôm gonna fucking fail this class why is this so difficult,1,im actually gon na cry im gon na fucking fail class difficult
@apporvaarya,thanks for such a good video,0,thanks good video
@icecreampersonidk2682,58:27,0,
@themaverick2707,Thank you Mosh....You are an amazing teacher! May God bless you mightilyüôèüôèüôèüôèüôèüôè,0,thank moshyou amazing teacher may god bless mightily foldedhands foldedhands foldedhands foldedhands foldedhands foldedhands
@Bogdanjtv,I want to learn on sdk üíÄ,0,want learn sdk skull
@ZiadRaed-cp7yq,I will start,0,start
@cologne_corner,58:15 your answer that was given was not precise the one i made which had less code was more precise,0,answer given precise one made less code precise
@Andrei_clips,"24:03 I just wreit ""b = a;"" and it functionet XD",0,wreit b functionet xd
@KUNALKumar-c5i8q,Please make for class 7 ICSE board C plus plus program one video pleaseüò¢üò¢üò¢üò¢üò¢üò¢üò¢üò¢üò¢üò¢üò¢üò¢üò¢üò¢üò¢üò¢üò¢üò¢üò¢üò¢üò¢üò¢üò¢üò¢üò¢üò¢üò¢üò¢üò¢üò¢üò¢üò¢üò¢üò¢üò¢üò¢üò¢üò¢,1,please make class icse board c plus plus program one video please cryingface cryingface cryingface cryingface cryingface cryingface cryingface cryingface cryingface cryingface cryingface cryingface cryingface cryingface cryingface cryingface cryingface cryingface cryingface cryingface cryingface cryingface cryingface cryingface cryingface cryingface cryingface cryingface cryingface cryingface cryingface cryingface cryingface cryingface cryingface cryingface cryingface cryingface
@mikyle-justin745,How old are u ‚¨áÔ∏è,1,old u downarrow
@devinb7805,"30:40
Let‚Äôs let them pass between us

-some space guy in a robe.",0,lets let pass us space guy robe
@AlexanderGreat-s3j,September 8 2025?,0,september
@UdaybhanSingh-u1q,September 8 2025 ?,0,september
@andmultigame2,rivesdj here kinsa ako ka batch drj,0,rivesdj kinsa ako ka batch drj
@bluespartan2123,"since no one is saying it 1:05:15 ""67""",0,since one saying
@Genesis_Lorenz,No freaking way üò°üò§ü•∫ü§ßüòÆ‚Äçüí®,0,freaking way enragedface facewithsteamfromnose pleadingface sneezingface faceexhaling
@brad_copper,"September, 2025?",0,september
@RadoslavZbo≈ôil-g9r,Zachr√°nil jsi mi den,0,zachrnil jsi mi den
@manikantarajun369,Thanks for this sir iam really saying that  this is the very good lecture for me sir your describeing every element and every statement  very deeply thank you sir this describeing helps me to understand deeply thank you sirüòä‚ù§,0,thanks sir iam really saying good lecture sir describeing every element every statement deeply thank sir describeing helps understand deeply thank sir smilingfacewithsmilingeyes redheart
@newyorkheart,Concise and useful information,0,concise useful information
@GeletaEtefa-z3g,Ty,0,ty
@ari-c5s1b,Hey where are the intermediate and the advanced versions...üòÖ,0,hey intermediate advanced versions grinningfacewithsweat
@josephngoma5831,5th September 2025????‚ù§Ô∏èüëç,1,th september redheart thumbsup
@CharlesKaluba-d5r,Cool.. master,0,cool master
@BLANK-vy5gl,Ahh CBU student In the buibui,0,ahh cbu student buibui
@channaveerkerimath3864,September 4th 2025,0,september th
@lakshmiaishwarya4169,September 4 2025,2,september
@chessmaster2041,thank you sooooo much for this tutorial. just what i needed,1,thank sooooo much tutorial needed
@Jackito1,I think this is the first time I've ever actually started to understand C++. Thank you,5,think first time ive ever actually started understand c thank
@satyamgupta5154,Etna shudh Hindi nahi Samaja aatee ...plz use practical every day spoken Hindi..,0,etna shudh hindi nahi samaja aatee plz use practical every day spoken hindi
@RabbitOfForest,I‚Äôm 14 years old. I dream to become a programmer thank you for posting this I‚Äôm gonna start learning c++ from today.,0,im years old dream become programmer thank posting im gon na start learning c today
@ShareemAtalad-jt4ky,Watching this just before the examüíÄ,0,watching exam skull
@Kabila.Shabab-ok9fl,Mr. Mosh is it enough for C++?,0,mr mosh enough c
@count.nosferatuu,28:51,0,
@0xD90F39DFAE,why is memory management with C++ not taught here,1,memory management c taught
@ash_fault6309,‚ù§  love from india,0,redheart love india
@YaBoi7RTG,How do I get a license?,0,get license
@nehlmagpantay5348,it's like watching a movie,0,like watching movie
@Noot-k2m9f,I didn't get the pdf to my email.... what should I do....???,0,didnt get pdf email
@Zircuitz,Fun fact: CLion is now free to use for non-commercial use.,0,fun fact clion free use noncommercial use
@SaadKhan-l2e,i solve that by defining a = b then I print a and get value of b is this good approach,0,solve defining b print get value b good approach
@SaadKhan-l2e,dam for the first time i solve a coding problem,0,dam first time solve coding problem
@olivesarenice207,im so confused lol. how was i supposed to know how to even solve that first issue? am i supposed to have something else open on the side to go along with this,0,im confused lol supposed know even solve first issue supposed something else open side go along
@KingKieran28,"25:16 I thought ""he's gonna call it C or something theres no way he's gonna say tem- OKAY WHAT THE-""",0,thought hes gon na call c something theres way hes gon na say tem okay
@manniensofwa,"27th August, 2025",0,th august
@paulicarphayford5341,1:15:36 my head ü§ïüò¢,0,head facewithheadbandage cryingface
@GianFrncis,August 26 2025?,104,august
@MrMusaibyt,Code block is better or not,0,code block better
@curtisunit,This is definitely getting me into c++. Perfect explanations,0,definitely getting c perfect explanations
@itslevannah,"This helped a lot, thanks!",0,helped lot thanks
@healthinsurancehub,Any one in 2025 give a like,1,one give like
@KumaraSwamy234,Notes,0,notes
@jayc.s.4419,"41, and back to 1st yr of college taking up BS in Computer Science. I need this!",0,back st yr college taking bs computer science need
@lavanya_2000-k6b,"22nd August 2025
Starting C++ programming course!

47:07 Such an intelligent move!",2,nd august starting c programming course intelligent move
@devonkiss,"In your first exercise.. three variables are not needed. C++ is focused on memory management. I came up with the best solution by first setting a to the sum of a+b, then by setting b to the result of a - b, and finally, setting b to a-b as b is now the difference of the sum of both variables from the beginning which is now a. This results in a swapped set of variables, no additional memory needed and solves the exercise as succinctly as possible.

Now, I am not a C++ pro and that is why I am learning it here! But simple mathematics can and should be used to accomplish coding challenges, where possible. We must think outside of the box as often as possible... I hope everyone found their own way to solve this issue and there is certainly nothing wrong with holding an additional extremely small integer in memory for this example.. but it can be achieved in fewer steps with less memory involved and without an additional variable in the namespace.

Keep up the great tutorials, they are appreciated.",0,first exercise three variables needed c focused memory management came best solution first setting sum ab setting b result b finally setting b ab b difference sum variables beginning results swapped set variables additional memory needed solves exercise succinctly possible c pro learning simple mathematics used accomplish coding challenges possible must think outside box often possible hope everyone found way solve issue certainly nothing wrong holding additional extremely small integer memory example achieved fewer steps less memory involved without additional variable namespace keep great tutorials appreciated
@BassUpdate2,jude erkl√§r besser,0,jude erklr besser
@cute_pie-g3s5k,Bro I didn't get the sheet?,0,bro didnt get sheet
@SohilShah_Melodyman,"Amazing beginner level class!! Very well explained in a systematic way, it has increased my confidence in programming! Thanks a lot, sir.üôè‚ò∫Ô∏è‚ú®",0,amazing beginner level class well explained systematic way increased confidence programming thanks lot sir foldedhands smilingface sparkles
@oreothelorreo,"ctrl+, then 1 then 6 for windows 2025 16:30",0,ctrl windows
@acsc-1192,where's the intermediate and advanced courses? I don't see them on the channel,0,wheres intermediate advanced courses dont see channel
@ROC4Life96,Great series,0,great series
@Baderelidrissi752,ill use on roblox studio,0,ill use roblox studio
@Heyyou-ty6xe,This was sooo easy! Thanks for the tutorial. My confidence is through the roof!,0,sooo easy thanks tutorial confidence roof
@TrendingTopics-j7d,"I really admire and appreciate this person, because I have done Python course from this guy. And now I am really confident about my python skill.",0,really admire appreciate person done python course guy really confident python skill
@ramsudarshanr8826,"Where are arrays, functions, Structs, enum, OOPS, Constructors?!üó£üî•üî•",0,arrays functions structs enum oops constructors speakinghead fire fire
@Chantep12,My answer on question 2 is different but same answer üòÖ,0,answer question different answer grinningfacewithsweat
@JinRyuzaki-b8k,I didn't understand it anythingüò¢ is it just me,0,didnt understand anything cryingface
@flokilothbrok2213,Im not using  c lion im using  sublime text,0,im using c lion im using sublime text
@CodeQuizzes,"Practice C++ here ü§ó, Tricky coding questions and Code PUZZLES üß©üôèüèª.",0,practice c smilingfacewithopenhands tricky coding questions code puzzles puzzlepiece foldedhandslightskintone
@mahi_lala,I am here after forgetting all c language learned in universityüòÆ,2,forgetting c language learned university facewithopenmouth
@caesaryumury5839,Me at 37 in 2025 learning C++,0,learning c
@DANDORAK,Thank you sooo much sir!!‚ù§‚ù§,0,thank sooo much sir redheart redheart
@Innoodrr,C++ Tutorial for Beginners - Learn C++ in 1 Hour,0,c tutorial beginners learn c hour
@Innoodrr,C++ Tutorial for Beginners - Learn C++ in 1 Hour,0,c tutorial beginners learn c hour
@Yadayadayada-official,Luckily my computer is windows so everything is easier to deal with,0,luckily computer windows everything easier deal
@Yadayadayada-official,This video is really helpful thanks!,0,video really helpful thanks
@Yadayadayada-official,"I like to:
int main(){
    (do_function)
}",0,like int main dofunction
@nickolasradl8424,Does anyone else get frustrated when he gives us a problem to solve but hasn't thought us anything about it yet like how am i supposed to solve a problem when you haven't tought me c++ yet üòÖ,0,anyone else get frustrated gives us problem solve hasnt thought us anything yet like supposed solve problem havent tought c yet grinningfacewithsweat
@CodexTech-q2e,Can it still cope using vs code,0,still cope using vs code
@Ybereza69,"With confidence in 1 hour. Sounds like a pipe dream a can get behind, because i like being delusional",0,confidence hour sounds like pipe dream get behind like delusional
@bagnarom7024,1:09:16 I'm pretty sure it's not that random it's just the number in the place of the number because the computer doesn't just reset parts of the ram he just doesn't use them so then some numbers get saved in that spot and when you create a new number it will take a spot and when you don't assign a value it will just have the value from that spot,0,im pretty sure random number place number computer doesnt reset parts ram doesnt use numbers get saved spot create new number take spot dont assign value value spot
@bagnarom7024,"15:57 for people who don't understand you need the ; to tell the compiler how the lines are splited the compiler see the lines as 
std::cout << ""Hello, World""return 0

and without ; he can't tell what is the end of the line",0,people dont understand need tell compiler lines splited compiler see lines std cout hello worldreturn without cant tell end line
@UmarFarooq-du3ld,"I started my c++ journey in August,  2025 üò¢",4,started c journey august cryingface
@PriyanshuPriyanshu-v6z,8:00,0,
@shreyamohite8803,"While using this clion id, 
I used alt+key by mistake, 
From this, my laptop curser interrupt while typing. 
It moves suddenly backwards 
So, how to do??? 
Anybody knows please tell",0,using clion id used altkey mistake laptop curser interrupt typing moves suddenly backwards anybody knows please tell
@helloiamhere-yp1ce,"Real lessons start from here here guys
üëâ üëâ 8:25",1,real lessons start guys backhandindexpointingright backhandindexpointingright
@WhiteCrimDEV,Yeah I'm just gonna stay with lua‚úåÔ∏è,0,yeah im gon na stay lua victoryhand
@hiiwilliamss,"Just came from R, Python, and MySQL. Looking into C++ in 2025",0,came r python mysql looking c
@ast453000,"Mosh is a good teacher, but this is only the first hour of the course he wants to sell. So the video title is misleading. You will not learn C++ in one hour. You will only learn cout, types, and some basic math.",3,mosh good teacher first hour course wants sell video title misleading learn c one hour learn cout types basic math
@therealcoolestbaconsChannelALT,I just wanna make my own Roblox executor tbh,0,wan na make roblox executor tbh
@iplex8622,why did we now put the using namespace std  from no where please explain where and why we are using it üòÖüòÖ,0,put using namespace std please explain using grinningfacewithsweat grinningfacewithsweat
@ReaperFivem-u7m,This my start of my journey ü´°,0,start journey salutingface
@shauryaa74,39:32 best advice for learners‚ù§,1,best advice learners redheart
@ssscuber,"you 1st taught us free and at the end,  then let us realize it was never free just a business model.",1,st taught us free end let us realize never free business model
@ÿπÿßÿ∑€åŸÜÿ∏ÿ±ŸæŸàÿ±,Ÿáÿ¥ÿ™⁄Ø ⁄Ü€åŸá ÿ®ÿ±ÿßÿØÿ± ŸÖŸÜ,0,
@midohassan664,"Today I'm still learning, I'm a normal guy.. wait for me "" remember the name"".",0,today im still learning im normal guy wait remember name
@deekshithaDaruri,TMR examm just now I am started that exam also in laptop üò≠üò≠üò≠ooo i learn codes in python but sir said only in C++ we have to write exam before exam day sir saidüò≠üò≠üò≠üò≠üò≠üò≠üò≠,0,tmr examm started exam also laptop loudlycryingface loudlycryingface loudlycryingface ooo learn codes python sir said c write exam exam day sir said loudlycryingface loudlycryingface loudlycryingface loudlycryingface loudlycryingface loudlycryingface loudlycryingface
@AynanTazrian-m5d,"Scanf,printf likha lagbe na?",0,scanfprintf likha lagbe na
@ryantokisaki7878,"Oh, I learn more on this video than on a learning app such as SoloLearn",1,oh learn video learning app sololearn
@NElectronicSoul,WTF has changing the theme of your point and click IDE go to do with writing C++ code?!,0,wtf changing theme point click ide go writing c code
@Shahzain14,49:05,0,
@MixxyRBLX,like the vid keep it up,0,like vid keep
@ayeshaprincess4847,Why not use Dev c,0,use dev c
@dingus_maximus,"Anyone know why I'm getting an error message saying that <cstdlib> is ""possibly unused""?",0,anyone know im getting error message saying cstdlib possibly unused
@bread5281,"38:14 (PEMDAS)
Parenthesis, Exponents, Multiplication, Division, Addition, Subtraction.",5,pemdas parenthesis exponents multiplication division addition subtraction
@tanveerbhatti8849,"The range shown for long double in the image at 1:04:16 seem incorrect. The values ‚Äì3.4E932 to 1.7E4832 are asymmetrical and appear to be typos.

The actual range for a long double depends on its size, but for a common 10-byte or 16-byte implementation, it's approximately ¬±1.19√ó10 
4932",0,range shown long double image seem incorrect values e e asymmetrical appear typos actual range long double depends size common byte byte implementation approximately
@fahriz9163,3:52 the value descrease,0,value descrease
@fahriz9163,2:58 bro all your talk doesn't really provide anything,0,bro talk doesnt really provide anything
@fahriz9163,"0:15 too much bullshit, please get to it",16,much bullshit please get
@Galactic333,do you have udemy,0,udemy
@Mayyyuuuuu,"At first this teacher would be foreigner, then i came to know that he is indian .",0,first teacher would foreigner came know indian
@CADOldDog,"Hey, I‚Äôm Old Dog. 30 years in C++, still using VC++6.0. Feels like I‚Äôm frozen in time. Just curious if there‚Äôs anyone else out there still coding MFC like me.",0,hey im old dog years c still using vc feels like im frozen time curious theres anyone else still coding mfc like
@ulfathasangarayev5875,Best advice: Never start c++ as your first programming language. Learn these beginner topics in something like pascal.,0,best advice never start c first programming language learn beginner topics something like pascal
@JaiprakashPatil-nr6tj,Pdf,0,pdf
@kourtneykurt,"""Learn C++  in 1 hour ""  and 30 years",1,learn c hour years
@Memoryboost-bh7me,Suryadev helping new comments ü•π thank you so much bro ü´±üèº‚Äçü´≤üèª,0,suryadev helping new comments faceholdingbacktears thank much bro handshakemediumlightskintonelightskintone
@drawartpony6880,I use this code¬†on all the ones ide for Windows and none of them work¬†I even tried an online C++ ide that still says there's an error (error: 'include' does not name a type) I don't know what to do,1,use code ones ide windows none work even tried online c ide still says theres error error include name type dont know
@africandaddy-o5i,43:48,0,
@AbdulRehman-j8g2e,Bhi asan hindi bolo hum pakistan sa han ü•π,0,bhi asan hindi bolo hum pakistan sa han faceholdingbacktears
@mkuro2537,"Me taking up comp eng for college, still haven't studied yet and 3 weeks left till classes start: Am I cooked or will I cook with this one? Prob not..",0,taking comp eng college still havent studied yet weeks left till classes start cooked cook one prob
@saritapokharel1958,How can i create a 3d game using strandered libary,0,create game using strandered libary
@StrikeGD,"Alright guys today I‚Äôm starting my C++ journey. I‚Äôll edit along the way.

Reply or Like to remind me to edit on my progress

Edit #1: learned about strings, operators, namespaces, and functions. thanks for the reminders yall, update 2 coming after i learn some more stuff.",8,alright guys today im starting c journey ill edit along way reply like remind edit progress edit learned strings operators namespaces functions thanks reminders yall update coming learn stuff
@proud_fiver,The mistake you made at 35:00 is the same I made while trying this and it took me 10 minutes to figure it out lol,0,mistake made made trying took minutes figure lol
@SenkuTheGreat,"it feels like art and craft show i used to watch when i was kid, dubbing and video editing is also good, thanks for your all efforts üôÇ",0,feels like art craft show used watch kid dubbing video editing also good thanks efforts slightlysmilingface
@ayashione7743,New beginning.,0,new beginning
@bhavishya-s9x,Why tf is it dubbed how do i watch it in english,0,tf dubbed watch english
@josrimakiin9165,‚ù§üéâ,0,redheart partypopper
@JimmyZ-b4t,Is clion free like pycharm?,0,clion free like pycharm
@jeffsad8391,Yoy meant 1 hour the basics,0,yoy meant hour basics
@John-m8e3l,thank you for your hard work mister I'm in grade ten classes right now and I've been wanting to try coding since because me and my friends have a group project that needs coding for it to work properly. so once again thank you,0,thank hard work mister im grade ten classes right ive wanting try coding since friends group project needs coding work properly thank
@Elixyr1,Unc im hella lost,1,unc im hella lost
@MyUserIsCool123,Learning this to make a horror game about a myth me and my friends made wish me luck,0,learning make horror game myth friends made wish luck
@DebarghyaDas-u9t,Does this cover all the things required to start dsa for college?,0,cover things required start dsa college
@brberis,Now in 2025 we are one prompt away.,0,one prompt away
@DevyT_123,Are you Iranian?,1,iranian
@TheRoyalAegis,"At this moment, Im a 3rd Year ""Last Year"" and I still dont know which one or job Im goin to learn, I still dont know anything, only html/css to make a simple website, Im cooked, I dont have a dream job, goal, damn it, it is what it is after graduation I guess, whatever jobs.",0,moment im rd year last year still dont know one job im goin learn still dont know anything htmlcss make simple website im cooked dont dream job goal damn graduation guess whatever jobs
@zestyolu8413,"Thanks Mr Mosh! Excellent explainations, I like C++ Version 20",0,thanks mr mosh excellent explainations like c version
@nb-linux700,Hi there omw to being an Android dev and work at google :),0,hi omw android dev work google
@adheepch4827,THIS VIDEO IS A PURE WASTE OF TIME!!! IT DOESNT CONTAIN NAMESPACES AND LOOP STATEMENTS. I HAD TO GO ALL OVER THE LANGUAGE ONCE AGAIN. I'D RATHER SUGGEST THE VIEWERS TO REFER BROCODE,0,video pure waste time doesnt contain namespaces loop statements go language id rather suggest viewers refer brocode
@lakshitkarwa1009,part 2 plsüôèüôèüôèüôè,0,part pls foldedhands foldedhands foldedhands foldedhands
@Fabiola1897,26:00,0,
@fireontires,"Can't we just do this 
Int ( ) {
double √ó=10;
double y=5;
double z= (10/5)-0.7;",0,cant int double double double z
@etc1495,"Great video, wish programming wasn't so boring to me.",1,great video wish programming wasnt boring
@younessx365,"Why this stupid idea to use CLion? Everyone will start with a free software, not a paid/trial thing that isn't even better than Visual Studio Community, like what?",0,stupid idea use clion everyone start free software paidtrial thing isnt even better visual studio community like
@SalemAfework,Best video I‚Äôve ever watched,0,best video ive ever watched
@PritamChakraborty-v9l,"25:22 why use an extra variable, can we do this instead ?
 int a = 1; //assumed values of a and b 
 int b = 2; //a = 1, b = 2, before swap.
 a = a+b //a = 3, b = 2, compound assignment operator (+=) used here.
 b = a-b; //a = 3, b = 1
 a = a-b; //a = 2, b = 1, after swap (Swap successful)",0,use extra variable instead int assumed values b int b b swap ab b compound assignment operator used b ab b ab b swap swap successful
@asimrafidhaque,<3,0,
@Mesus-n3u,im just learning c++ to make gta mod menus,0,im learning c make gta mod menus
@thesocialtrends496,Im i alone here i watch 1 hour video to learn c++ and still not learn something i feel i down my self üò¢,0,im alone watch hour video learn c still learn something feel self cryingface
@BiniyamGslassie,Full course is not working I can't use it,0,full course working cant use
@thebaba620,Is the full course worth it?,0,full course worth
@AmosBanda-or3sj,leaving this here.,0,leaving
@andrealoumangangot7419,Thank you,0,thank
@jakublubojacky8480,"24:45 couldn't i just use swap function?

I mean:  
using namespace std;
int main() {
    int a = 1;
    int b = 2;
    swap (a, b);
   cout << a;
}",0,couldnt use swap function mean using namespace std int main int int b swap b cout
@SamuelBoadi-y6i8t,"Mosh, C++ full course for begineers please",0,mosh c full course begineers please
@jamesp9304,Your teaching sucks thank god you show us how to do it.,1,teaching sucks thank god show us
@SavageInc-q6v,When imputing a value in the floor function‚Äôs parameters/ parentheses why was 1.2 inserted? Can it be different? Will a different number have a different result as an outcome?,0,imputing value floor functions parameters parentheses inserted different different number different result outcome
@Nerfwar-jackandAngelo,bro,0,bro
@desmondnti1309,Me 2025 learning c*++. I will bring my feedback when I master it,13,learning c bring feedback master
@kakab3ba,"Hi! Thank u so much for learning all of us how to code! You helped everyone learn c++ and me so thank u so much! Have a good day! (: if u know lua ima teach u some c++ so

1. int (int is litterally local its how to make a variable)
2. cout (cout is printing)
3.if (its litterally the same just without the ""then"")

this is a c++ code

#inlcude <iostream> // make sure to use this when u start every project.

using namespace std; // also start with every project also always add a "";"" at the end of a sentence.

int main() // litt a function
{
// put ya code here
}",0,hi thank u much learning us code helped everyone learn c thank u much good day u know lua ima teach u c int int litterally local make variable cout cout printing litterally without c code inlcude iostream make sure use u start every project using namespace std also start every project also always add end sentence int main litt function put ya code
@swallow_gamer,24:40 what about deepcopy and shallow copy or that's only a thing in python?,0,deepcopy shallow copy thats thing python
@JASAT.com100,Latest newcomer üòÖüòÖ,0,latest newcomer grinningfacewithsweat grinningfacewithsweat
@VictorZheng-sc5sc,what about rust?,0,rust
@tebqzik_music,"Hi can I use VS Code,  Visual Studio Code to follow on this course",0,hi use vs code visual studio code follow course
@UzamaIftikhar-k2n,"Sir,i am confused by difference between cout and printf function please",0,siri confused difference cout printf function please
@WWhateverItTakes,Thanks bro! Been meaning to learn this and this tutorial was quick simple and easy!,0,thanks bro meaning learn tutorial quick simple easy
@ernestomashalla,thanks,0,thanks
@krazywomannnnnnn,are there any IDE available for mobiles?,1,ide available mobiles
@ParsaAhmadi-g6p,"At the first problem i just used swap (&b, &a);
üòÇ",0,first problem used swap b facewithtearsofjoy
@ponnadaArudra,Anyone from india ‚ù§‚ù§,0,anyone india redheart redheart
@Œ£Œ∫ŒøœÑŒπŒΩŒ∑œÄŒπŒ∫ŒªŒ±Œ†ŒπŒ∫ŒªŒ±œÑŒøœÖœÉŒ∫ŒøœÑŒøœÖœÉ,thanks man this video is very helpful i came hier to look at c++ one more time before my exams bc i dont have the notes and the way you explain it is very easy to understand plus i love how you encurage everyone much love from greece,0,thanks man video helpful came hier look c one time exams bc dont notes way explain easy understand plus love encurage everyone much love greece
@dee23gaming,"I would've preferred it if you gave a more manual C++ setup guide, instead of having an IDE do everything for us. I had to search up myself how to set up a C++ environment the way the pros do it. But no worries, as I can now code, compile, and run C++ programs from any plain text editor, and a PowerShell window using G++.",0,wouldve preferred gave manual c setup guide instead ide everything us search set c environment way pros worries code compile run c programs plain text editor powershell window using g
@Zibbzie,"For the random number generator, I simply did 
srand(time(0));
int rollOne = (rand() % 6) + 1;
int rollTwo = (rand() % 6) + 1;

Is this not effective?",0,random number generator simply srandtime int rollone rand int rolltwo rand effective
@dryicel0l27,my brain exploded,4,brain exploded
@aydan4260,Thank you for all your help. Your teaching style is so simple and understandable that I decided to buy the full course. ,0,thank help teaching style simple understandable decided buy full course
@Kavya-g2p,This was suspiciously easy,0,suspiciously easy
@Obynamn,"Okay... This is not for beginners. You gave us an exercise, but the very first exercise you used a solution that we would have NO idea existed. Like, it's like giving someone a bike without a chain, and telling them ""Ride it to the store"". Okay... well i cant ride it, it doesn't go anywhere. And then you come out and say ""aha! you forgot the bike chain!"" but... i didn't know a bike chain existed???? youre making me feel stupid and helpless lol",0,okay beginners gave us exercise first exercise used solution would idea existed like like giving someone bike without chain telling ride store okay well cant ride doesnt go anywhere come say aha forgot bike chain didnt know bike chain existed youre making feel stupid helpless lol
@Garpocalypse,The insane amount of ads are affecting my ability to learn when they appear mid sentence...,0,insane amount ads affecting ability learn appear mid sentence
@MrPigga,I never received my cheat sheet. Good lesson though.,0,never received cheat sheet good lesson though
@Girlmulti,Thanks,0,thanks
@mikotourabe1830,"52:20 When I was experimenting I accidentally realized that you can farther make this smaller by doing

double x, y;
cin >> x >> y;

53:35 my code is like this

#include <iostream>

using namespace std;

int main() {
    cout <<""Enter values for Fahrenheit to calculate it to Celsius: "";
    double Fahrenheit;
    cin >> Fahrenheit;
    cout << ((Fahrenheit-32)*5)/9;
    return 0;
}",0,experimenting accidentally realized farther make smaller double x cin x code like include iostream using namespace std int main cout enter values fahrenheit calculate celsius double fahrenheit cin fahrenheit cout fahrenheit return
@Imdead3530,I had it switch it by std::cin; a = b; is that a bad practice?,0,switch std cin b bad practice
@musrattaibaonnie1824,can we put printf and scanf_s instead of std::cout ?,0,put printf scanfs instead std cout
@kmsGrze≈õki,You don't really explain things.,1,dont really explain things
@thebrownie6308,"I respect the work put into this entire tutorial course. Not only the videos, but the cheat sheets are also detailed to oblivion.",0,respect work put entire tutorial course videos cheat sheets also detailed oblivion
@signumt,What happened to the += -= *= /= %= //= operators,0,happened operators
@SparkyNeo,37:26 Not in coding only. This rules apply for all kind of math solving.,0,coding rules apply kind math solving
@obsidianisadev,50:49 ninja no work to do?,0,ninja work
@gcindies,Fckin ads every minute‚Ä¶,0,fckin ads every minute
@evilcultleader,Mosh is the best programming tutor online,0,mosh best programming tutor online
@VogatronYT,I will look back at this comment later on in the future after I master c++,0,look back comment later future master c
@BabatundeMuhammed-kh7qw,Where‚Äôs the material link‚Ä¶ for further learning sir ?,0,wheres material link learning sir
@SFGaming230,U technically also teachin math,0,u technically also teachin math
@grilleddry,Great tutorial!!,0,great tutorial
@GechoBro,Wow thanks alot,1,wow thanks alot
@rob_al_honda,This was excellent.  I learned so much.  üòäüòäüòä,0,excellent learned much smilingfacewithsmilingeyes smilingfacewithsmilingeyes smilingfacewithsmilingeyes
@virid4074,learning C++ to make a custom game engine. Any help?,0,learning c make custom game engine help
@LeighCanto,Im practicing in DGB and I don't know if its recommend site,0,im practicing dgb dont know recommend site
@anurelish8164,‚Ñ¢,0,trademark
@AlanBoss97,Learning new skill,0,learning new skill
@ShlokU-d1d,i just wanna say at 1:45-1:55 why do people say c++ is dead? PYTHON is built on C/C++,1,wan na say people say c dead python built cc
@Nobody_114,"Can we make the main program ""string main()"" and then return the string ""return ""this program worked"";"" ?",0,make main program string main return string return program worked
@Dr.FreeOfficial,"ÿØŸáŸÜÿ™ ÿ≥ÿ±Ÿà€åÿ≥ ÿ™Ÿà ⁄©Ÿá ÿß€åÿ±ÿßŸÜ€å Ÿáÿ≥ÿ™€åüòÇ
ÿØŸÖÿ™ ⁄Øÿ±ŸÖ ŸÖŸàŸÅŸÇ ÿ®ÿßÿ¥€å‚ù§",0,facewithtearsofjoy redheart
@Cysco-n8k,"I was Here 2025 
I just started the journey",0,started journey
@jarekluberek8123,Fuck this. Way too slow.,0,fuck way slow
@jwhite3389,"The rush that I got from figuring out the operator exercise was very exciting! I didn't do it exactly as you did but I still got the correct answer. Thank you for these vids, Mosh. You taught me python and now c++ lol.",0,rush got figuring operator exercise exciting didnt exactly still got correct answer thank vids mosh taught python c lol
@simplegametutorials1341,"My Solution (I code by dissecting a problem into several readable steps then coding it)
```cpp
int main()
{
double x = 10;
double y = 5;
double resultX = x + 10;
double resultY = 3 * y;
double Result = resultX / resultY;
std::cout << Result;;
return 0;
}
```
My answer was: 1.3333%",0,solution code dissecting problem several readable steps coding cpp int main double x double double resultx x double resulty double result resultx resulty std cout result return answer
@NINJATH3ORY,May 15th 2025 dam tike flys been meaning to learn C++ since like forever as they say it's not to late!,0,may th dam tike flys meaning learn c since like forever say late
@aliencatface9412,Why do you add minimum value again at the end? I don't understand that. You already got 6 from Max-Min+1. then u add minVal again?,0,add minimum value end dont understand already got maxmin u add minval
@Geeno583,you are moving too fast,0,moving fast
@KhotsoMontsi-r9j,'This is what we call garbage' üòÇüòÇ,0,call garbage facewithtearsofjoy facewithtearsofjoy
@jacquelinemagante5041,Im from the Philippines and im going to high school called ste and there will be coding there so better to practice than wait when the school starts thanks this helps,0,im philippines im going high school called ste coding better practice wait school starts thanks helps
@city1737,"I came here to learn Arduino programming, am I in the right place?",0,came learn arduino programming right place
@NehaSharma_nsds,"Thank you so much sir for this tutorial ‚ù§
Very helpful ‚ù§",1,thank much sir tutorial redheart helpful redheart
@HoangMinh-yf4bl,im using CLion myself but i cant seem to find the preferences menu to change the theme,0,im using clion cant seem find preferences menu change theme
@KOKOWAWAVE,22:04,0,
@infxrnalsylvan,Can't believe courses like these are free!,1,cant believe courses like free
@CameoChair,"insted of doing the thing u did at 25:57 i just did 
a = b; 
and it worked",0,insted thing u b worked
@EmmanuelKissiSarfo,Am a beginner in c++ currently learning it this tutorials of very great benefit to me,1,beginner c currently learning tutorials great benefit
@jivalishwarlall4275,Thankyou bro,0,thankyou bro
@MangalaPremakumara,‚ù§‚ù§,0,redheart redheart
@sveb0106,"I am still strugling with c++ and i don't know the meaning of ANY function whatsoever, if there is a video that explains it in even more details, it would be awesome.",0,still strugling c dont know meaning function whatsoever video explains even details would awesome
@Shouya-m1g,"dude is a legend, wish I could take his complete course but I am broke",0,dude legend wish could take complete course broke
@SonuRaj-k9p6x,53:35,1,
@johnpike8010,"Genuinely confused as to why you dont just use an uninitialized variable as a random number? Instead of 4 lines of code, its 1.",0,genuinely confused dont use uninitialized variable random number instead lines code
@eshan3009,"This was fantastic! So easy to learn!
Best thing was...you gave very small exercises to put gained knowledge into test after key topics. Loved it!",0,fantastic easy learn best thing wasyou gave small exercises put gained knowledge test key topics loved
@errt-j3w,yoo 19 mins in im having fun thank oyu for the cheat sheet btw!! :D,0,yoo mins im fun thank oyu cheat sheet btw
@darkhypers2373,1:11:00,0,
@darkhypers2373,49:05,0,
@CharlesKiyaya,Today's üòÇ,0,todays facewithtearsofjoy
@yournotdatguypal,I think what makes me drawn to coding so much is that not everybody wants to take the time to learn it and it makes you seem very bright talking computer language lol,0,think makes drawn coding much everybody wants take time learn makes seem bright talking computer language lol
@yournotdatguypal,Will this course give me a certification?,0,course give certification
@revathimohanrevathi3085,"Sir,my brain not braining",0,sirmy brain braining
@madilucey,I have tried hundreds of tutorials for C++ and all of them felt useless and I didn't learn anything but this one feels like an actual programming class. Best tutorial I have seen. Watch the whole thing so you dont miss anything.,0,tried hundreds tutorials c felt useless didnt learn anything one feels like actual programming class best tutorial seen watch whole thing dont miss anything
@JanglesBo-p2e,"Someone may have already pointed this out but on your slides for working with numbers, you make reference to the number 255 being 8 (eight) ones (11111111) in binary notation. On the graphic this shows as six. Of course your statement is correct being but the graphic does not match up. Smallest issue I know, but for people using the slides as reference rather than the audio I thought I would highlight it :) Amazing video by the way, you've helped immensely :)",0,someone may already pointed slides working numbers make reference number eight ones binary notation graphic shows six course statement correct graphic match smallest issue know people using slides reference rather audio thought would highlight amazing video way youve helped immensely
@craby_ba,GG bro,1,gg bro
@ArtMast2011,hey mosh........is it standard input stream or string,0,hey moshis standard input stream string
@potapota3421,Mark 35:00,0,mark
@abhishekak9619,"bro did not even explain to hot to learn from documentation to things and how to find out more about the things you would need to know to make what you want, wants us strapped to him like lambs to a slaughter at this rate.",0,bro even explain hot learn documentation things find things would need know make want wants us strapped like lambs slaughter rate
@CristianAursulesei,Salut !merge codeblocks pe un asus cu procesor IntelCore i3-1215U cu 8GB ?,0,salut merge codeblocks pe un asus cu procesor intelcore iu cu gb
@breezy4500,step one be good at math...,0,step one good math
@anutechies2.040,Anyone from IndiaüáÆüá≥,2,anyone india India
@IsrA734,can i use visual studio in C++,0,use visual studio c
@maxobrien9292,you taught me threejs aswell I love u!,0,taught threejs aswell love u
@chillaivideosmak,Sir is this possible on turbo software,0,sir possible turbo software
@harryhenderson3636,"Help! I can't find a site anywhere to help me. I made a program that prints permutations of an array. But everything is being printed on one line. I want it to look like this:

a b c 
c a b
b a c ... and so on.
DONE - I want this printed at the end of the list too on a new line.

I also want the size to vary with the array length for N = 4 I want:

A B C D
B A C D
C A B D... Hopefully I made it clear. Any help is GREATLY appreciated!",0,help cant find site anywhere help made program prints permutations array everything printed one line want look like b c c b b c done want printed end list new line also want size vary array length n want b c b c c b hopefully made clear help greatly appreciated
@masterxvision_,his chanel link is https://www.youtube.com/channel/UCWv7vMbMWH4-V0ZXdmDpPBA,0,chanel link
@D3DBLUD,"Need help  at 50:58.  Whenever I ran that one,  it always read
Enter values for x: 32764",1,need help whenever ran one always read enter values x
@King.Akorede,"System.out.println(""akorede is the goat""); this a code in java",1,systemoutprintlnakorede goat code java
@BladesingersLover,Anyone interested on making a tower defense game?,0,anyone interested making tower defense game
@nolifegamerxdl,not enough ppl like this vid  like what bro,0,enough ppl like vid like bro
@Rituraj_.COMMENT,Hindi is useful ‚ù§‚ù§,0,hindi useful redheart redheart
@D√©boraHern√°ndez22,"SUPER MEGA USEFUL, THANK YOUUU!!!!",1,super mega useful thank youuu
@BayushEshetie,keep it up.thanks,0,keep upthanks
@jamesjaiden7857,C++,0,c
@priyankasukhthanker4076,How can i get the cheat sheet? It is not sending me any email.,0,get cheat sheet sending email
@Akashpattar-j2d,I am also start the  c++ program,0,also start c program
@Reina911,can't download cheat sheet sir,0,cant download cheat sheet sir
@wandersonpereira9884,"Hi Mosh, that's an amazing course. Thanks for sharing.

Do you have a course of C?",0,hi mosh thats amazing course thanks sharing course c
@KuukaMukayi-vw5qt,The cheat sheet has failed to download,0,cheat sheet failed download
@orebelo,Too bad this tutorial uses CLion even though it says the the focus is on the language instead of the IDE but it's not that simple. CLion is a great tool? Yes... but if you are not paid yet for programming with C++ it costs a lot. Unfortunately JetBrain doesn't have the sensibility to understand the needs of newbies releasing a simple version or a subscription accordantly. I'll look else where for a tutorial with a free tool.  Visual Studio is great one of the best but doent have Mac version.  Mac version it's not Visual studio....,0,bad tutorial uses clion even though says focus language instead ide simple clion great tool yes paid yet programming c costs lot unfortunately jetbrain doesnt sensibility understand needs newbies releasing simple version subscription accordantly ill look else tutorial free tool visual studio great one best doent mac version mac version visual studio
@Abd√≠Y≈çs√©ph,I'm watching now. 2025,1,im watching
@elman5395,I‚Äôm trying to get the cheat sheet but the website keeps telling me error and to contact administrator. Can anyone lend a hand here?,0,im trying get cheat sheet website keeps telling error contact administrator anyone lend hand
@KAIBlent,Does x += 5 also work?,0,x also work
@Odemiar,Hey man I think the c++ cheat sheet website is down. Tried inputing my details and it doesnt work üò¢,0,hey man think c cheat sheet website tried inputing details doesnt work cryingface
@TheDecayedWiki,i am building my linux OS with c++,0,building linux os c
@Mannupp0,57:46 pi in cmath is M_PI,0,pi cmath mpi
@CherryDev-Coding,"""One more video before bed""
the video:

(Jokes aside, thank you so much! C++ is incredibly useful, and I've been meaning to learn it!)",1,one video bed video jokes aside thank much c incredibly useful ive meaning learn
@king-pz6ib,At 25:36 I don‚Äôt understand how a equals b and temp how can it equal both?,1,dont understand equals b temp equal
@Pepijnvandervalk,the jetbrains ide's suck!!!,0,jetbrains ides suck
@heyer777,bro sold his testicles for mac üíÄ,0,bro sold testicles mac skull
@mjsmith570,"Prefacing every practical exercise with ""This is incredibly easy, you should be able to do it in a couple seconds"" before asking a complete beginner to figure it out is kinda wack lol.  It ain't super easy if its the first time you've ever been presented with a problem in C++ or any programming language.",2,prefacing every practical exercise incredibly easy able couple seconds asking complete beginner figure kinda wack lol aint super easy first time youve ever presented problem c programming language
@pecoliky,"45:10 i arranged them as:

double
double
double
cout string1
string2
string3

is this incorrect? is it about organizing or does it have an effect?",0,arranged double double double cout string string string incorrect organizing effect
@pecoliky,"38:35 probably will be laughed at by anyone who knows math, but i did it in 2 tries, because i forgot to set the int to double xD monke brain work",2,probably laughed anyone knows math tries forgot set int double xd monke brain work
@gonkie4658,"1hr?  From beginner to programmer in 1hr? Ok, why not? I used to own a book called 'Teach Yourself C++ in 21 Days'.  I remember thinking, ' if only I'd seen this book sooner, I coulda avoided all the crap I went through to get into university.  Needless to say, I confidently dropped out of university 3 weeks later, a fully competent C programmer.  I think I'm more or less remembering that right anyway.  Not that it really matters but I never did manage to find the 'Teach Yourself How to Lie About Teaching Yourself C++ in 21 days', book.",0,hr beginner programmer hr ok used book called teach c days remember thinking id seen book sooner coulda avoided crap went get university needless say confidently dropped university weeks later fully competent c programmer think im less remembering right anyway really matters never manage find teach lie teaching c days book
@pecoliky,"25:00 what i did is change ''file_size'' to ''counter'' and it started displaying the value from ''counter'' instead xD

and then i saw the third bucket solution lmao",0,change filesize counter started displaying value counter instead xd saw third bucket solution lmao
@baoyedeng,"Thanks Mosh.After this video, I think i learn many thing!
üôÇüôÇ",0,thanks moshafter video think learn many thing slightlysmilingface slightlysmilingface
@kkmarjit123,I haven't understood that what is float or it's function. üò¢,0,havent understood float function cryingface
@JeppeAchtonNielsen,"Thx for a great video, I went through every bit of it and coded all solutions. I couldn't implement the dice program with syntax shown at 1:20:22 luckily this was a blessing in disguise as I came up with a different way to solve the problem. Ended up using a do while loop and seeding srand with rand each iteration.",1,thx great video went every bit coded solutions couldnt implement dice program syntax shown luckily blessing disguise came different way solve problem ended using loop seeding srand rand iteration
@supachill1,"I am a carpenter, it seems everyone commenting here that this is a great tutorial!
Apparently I will remain a carpenter because WTF is any of this?!
Congratulations to all the smart people!",0,carpenter seems everyone commenting great tutorial apparently remain carpenter wtf congratulations smart people
@Twix-e8f,first day - 37:00,0,first day
@MohammadZain-d3x,Ha i learn but forgetüòÆ,1,ha learn forget facewithopenmouth
@ForHSDLOnly,where cab i download this app to try and practice programming languages,0,cab download app try practice programming languages
@shantanugaikwad027,31:55  what is use of double,0,use double
@MindangJunior,"I'm a new subscriber, thank you so much üëçüèº",0,im new subscriber thank much thumbsupmediumlightskintone
@D4rkG3m1ni,"my brain got error because i didnt put "";"" at the end of Nerve",0,brain got error didnt put end nerve
@Bilal-e8w,"üòä Thank you so much .,u helped a lot. U deserve more than the likes",0,smilingfacewithsmilingeyes thank much u helped lot u deserve likes
